{
    "loss": 30.341581344604492,
    "accuracy": 0.3154362440109253
}