{
    "loss": 10.921680450439453,
    "accuracy": 0.07046979665756226
}